id,salary
4,nan
6,nan
11,nan
15,nan
21,nan
22,nan
34,nan
38,nan
41,nan
42,nan
45,nan
55,nan
63,nan
67,nan
71,nan
78,nan
80,nan
87,nan
96,nan
98,nan
103,nan
106,nan
107,nan
112,nan
116,nan
118,nan
119,nan
126,nan
129,nan
134,nan
145,nan
147,nan
148,nan
150,nan
155,nan
162,nan
171,nan
175,nan
179,nan
180,nan
185,nan
187,nan
191,nan
194,nan
196,nan
197,nan
198,nan
201,nan
204,nan
205,nan
214,nan
215,nan
220,nan
227,nan
230,nan
232,nan
235,nan
238,nan
244,nan
247,nan
259,nan
260,nan
265,nan
268,nan
273,nan
278,nan
290,nan
294,nan
297,nan
309,nan
310,nan
311,nan
318,nan
320,nan
324,nan
326,nan
328,nan
331,nan
342,nan
345,nan
351,nan
353,nan
355,nan
357,nan
359,nan
371,nan
381,nan
411,nan
416,nan
423,nan
424,nan
427,nan
430,nan
445,nan
451,nan
462,nan
474,nan
479,nan
484,nan
497,nan
503,nan
505,nan
508,nan
511,nan
520,nan
531,nan
541,nan
547,nan
548,nan
556,nan
559,nan
566,nan
576,nan
577,nan
581,nan
582,nan
584,nan
593,nan
594,nan
596,nan
607,nan
608,nan
611,nan
614,nan
616,nan
618,nan
627,nan
628,nan
633,nan
635,nan
646,nan
648,nan
649,nan
653,nan
654,nan
656,nan
658,nan
662,nan
673,nan
679,nan
684,nan
687,nan
694,nan
698,nan
703,nan
706,nan
710,nan
711,nan
712,nan
715,nan
717,nan
720,nan
722,nan
725,nan
728,nan
740,nan
741,nan
746,nan
749,nan
750,nan
756,nan
762,nan
766,nan
774,nan
777,nan
778,nan
780,nan
783,nan
784,nan
798,nan
799,nan
809,nan
812,nan
815,nan
827,nan
829,nan
838,nan
841,nan
844,nan
853,nan
855,nan
860,nan
867,nan
872,nan
874,nan
878,nan
879,nan
881,nan
882,nan
886,nan
888,nan
897,nan
903,nan
905,nan
908,nan
910,nan
917,nan
919,nan
928,nan
935,nan
942,nan
945,nan
953,nan
955,nan
974,nan
978,nan
982,nan
983,nan
996,nan
1001,nan
1002,nan
1006,nan
1010,nan
1012,nan
1014,nan
1015,nan
1018,nan
1023,nan
1024,nan
1044,nan
1048,nan
1054,nan
1058,nan
1068,nan
1078,nan
1080,nan
1094,nan
1101,nan
1103,nan
1104,nan
1108,nan
1113,nan
1118,nan
1123,nan
1126,nan
1132,nan
1140,nan
1141,nan
1146,nan
1156,nan
1161,nan
1166,nan
1173,nan
1182,nan
1183,nan
1185,nan
1189,nan
1191,nan
1193,nan
1203,nan
1204,nan
1215,nan
1219,nan
1220,nan
1224,nan
1226,nan
1239,nan
1242,nan
1246,nan
1257,nan
1262,nan
1276,nan
1277,nan
1284,nan
1301,nan
1302,nan
1304,nan
1308,nan
1313,nan
1314,nan
1315,nan
1319,nan
1322,nan
1332,nan
1338,nan
1339,nan
1345,nan
1350,nan
1353,nan
1356,nan
1363,nan
1365,nan
1369,nan
1371,nan
1379,nan
1384,nan
1386,nan
1389,nan
1391,nan
1397,nan
1399,nan
1405,nan
1410,nan
1411,nan
1413,nan
1416,nan
1417,nan
1419,nan
1423,nan
1437,nan
1450,nan
1453,nan
1456,nan
1464,nan
1474,nan
1475,nan
1492,nan
1503,nan
1506,nan
1507,nan
1511,nan
1514,nan
1522,nan
1527,nan
1537,nan
1556,nan
1559,nan
1560,nan
1566,nan
1567,nan
1569,nan
1588,nan
1594,nan
1595,nan
1602,nan
1617,nan
1620,nan
1623,nan
1628,nan
1629,nan
1633,nan
1634,nan
1635,nan
1636,nan
1637,nan
1638,nan
1640,nan
1646,nan
1654,nan
1661,nan
1668,nan
1670,nan
1677,nan
1680,nan
1690,nan
1696,nan
1697,nan
1700,nan
1702,nan
1708,nan
1709,nan
1711,nan
1715,nan
1720,nan
1721,nan
1722,nan
1723,nan
1728,nan
1731,nan
1734,nan
1738,nan
1744,nan
1750,nan
1752,nan
1753,nan
1755,nan
1758,nan
1761,nan
1768,nan
1770,nan
1795,nan
1801,nan
1803,nan
1804,nan
1808,nan
1810,nan
1815,nan
1827,nan
1832,nan
1846,nan
1848,nan
1849,nan
1853,nan
1855,nan
1856,nan
1868,nan
1869,nan
1870,nan
1884,nan
1886,nan
1889,nan
1891,nan
1896,nan
1904,nan
1913,nan
1918,nan
1921,nan
1929,nan
1934,nan
1945,nan
1951,nan
1959,nan
1963,nan
1964,nan
1966,nan
1970,nan
1981,nan
1989,nan
1993,nan
1997,nan
1998,nan
2006,nan
2009,nan
2010,nan
2020,nan
2024,nan
2041,nan
2043,nan
2046,nan
2047,nan
2049,nan
2051,nan
2056,nan
2057,nan
2059,nan
2063,nan
2072,nan
2078,nan
2083,nan
2092,nan
2093,nan
2094,nan
2101,nan
2103,nan
2105,nan
2116,nan
2121,nan
2125,nan
2127,nan
2128,nan
2137,nan
2138,nan
2145,nan
2146,nan
2150,nan
2151,nan
2164,nan
2166,nan
2175,nan
2182,nan
2189,nan
2194,nan
2213,nan
2217,nan
2218,nan
2221,nan
2235,nan
2247,nan
2263,nan
2268,nan
2270,nan
2278,nan
2280,nan
2281,nan
2284,nan
2287,nan
2290,nan
2307,nan
2309,nan
2310,nan
2314,nan
2316,nan
2317,nan
2340,nan
2347,nan
2353,nan
2354,nan
2356,nan
2380,nan
2383,nan
2393,nan
2394,nan
2404,nan
2418,nan
2419,nan
2420,nan
2424,nan
2426,nan
2428,nan
2430,nan
2433,nan
2437,nan
2441,nan
2442,nan
2445,nan
2449,nan
2455,nan
2459,nan
2460,nan
2464,nan
2470,nan
2471,nan
2474,nan
2483,nan
2488,nan
2490,nan
2499,nan
2500,nan
2515,nan
2520,nan
2524,nan
2527,nan
2539,nan
2542,nan
2546,nan
2556,nan
2559,nan
2563,nan
2574,nan
2584,nan
2591,nan
2600,nan
2602,nan
2613,nan
2614,nan
2620,nan
2628,nan
2629,nan
2637,nan
2643,nan
2645,nan
2646,nan
2654,nan
2655,nan
2662,nan
2663,nan
2664,nan
2678,nan
2681,nan
2683,nan
2690,nan
2698,nan
2701,nan
2704,nan
2720,nan
2721,nan
2736,nan
2737,nan
2738,nan
2740,nan
2742,nan
2746,nan
2754,nan
2756,nan
2759,nan
2780,nan
2787,nan
2795,nan
2796,nan
2802,nan
2809,nan
2811,nan
2813,nan
2814,nan
2819,nan
2820,nan
2826,nan
2829,nan
2832,nan
2833,nan
2834,nan
2841,nan
2846,nan
2848,nan
2850,nan
2852,nan
2855,nan
2859,nan
2861,nan
2864,nan
2867,nan
2870,nan
2881,nan
2883,nan
2889,nan
2894,nan
2903,nan
2911,nan
2913,nan
2919,nan
2920,nan
2927,nan
2928,nan
2929,nan
2930,nan
2931,nan
2938,nan
2945,nan
2946,nan
2948,nan
2956,nan
2958,nan
2959,nan
2960,nan
2965,nan
2971,nan
2973,nan
2977,nan
2979,nan
2981,nan
2982,nan
2987,nan
2990,nan
2998,nan
3000,nan
3005,nan
3012,nan
3014,nan
3018,nan
3023,nan
3027,nan
3030,nan
3039,nan
3040,nan
3051,nan
3052,nan
3053,nan
3057,nan
3058,nan
3061,nan
3067,nan
3076,nan
3077,nan
3083,nan
3085,nan
3088,nan
3092,nan
3093,nan
3098,nan
3104,nan
3107,nan
3109,nan
3113,nan
3120,nan
3121,nan
3126,nan
3131,nan
3135,nan
3143,nan
3144,nan
3148,nan
3152,nan
3153,nan
3154,nan
3159,nan
3163,nan
3167,nan
3168,nan
3171,nan
3172,nan
3175,nan
3180,nan
3184,nan
3194,nan
3196,nan
3197,nan
3204,nan
3215,nan
3235,nan
3241,nan
3242,nan
3243,nan
3244,nan
3247,nan
3248,nan
3251,nan
3262,nan
3267,nan
3272,nan
3274,nan
3275,nan
3276,nan
3282,nan
3287,nan
3293,nan
3296,nan
3305,nan
3307,nan
3309,nan
3313,nan
3315,nan
3316,nan
3320,nan
3346,nan
3347,nan
3362,nan
3367,nan
3371,nan
3377,nan
3379,nan
3380,nan
3383,nan
3386,nan
3391,nan
3414,nan
3420,nan
3426,nan
3430,nan
3436,nan
3445,nan
3454,nan
3467,nan
3471,nan
3472,nan
3479,nan
3482,nan
3484,nan
3508,nan
3514,nan
3515,nan
3517,nan
3518,nan
3521,nan
3525,nan
3538,nan
3539,nan
3540,nan
3546,nan
3556,nan
3558,nan
3561,nan
3562,nan
3567,nan
3570,nan
3577,nan
3579,nan
3585,nan
3596,nan
3597,nan
3603,nan
3610,nan
3614,nan
3615,nan
3628,nan
3635,nan
3636,nan
3638,nan
3644,nan
3650,nan
3652,nan
3661,nan
3663,nan
3667,nan
3670,nan
3672,nan
3677,nan
3688,nan
3689,nan
3691,nan
3692,nan
3694,nan
3698,nan
3713,nan
3714,nan
3715,nan
3717,nan
3719,nan
3738,nan
3744,nan
3748,nan
3754,nan
3756,nan
3768,nan
3771,nan
3774,nan
3779,nan
3784,nan
3804,nan
3826,nan
3830,nan
3835,nan
3838,nan
3840,nan
3847,nan
3848,nan
3858,nan
3860,nan
3869,nan
3887,nan
3889,nan
3897,nan
3902,nan
3905,nan
3919,nan
3921,nan
3929,nan
3936,nan
3939,nan
3944,nan
3945,nan
3958,nan
3959,nan
3965,nan
3969,nan
3980,nan
3981,nan
3986,nan
3989,nan
3991,nan
3992,nan
3994,nan
4003,nan
4014,nan
4021,nan
4026,nan
4032,nan
4036,nan
4038,nan
4041,nan
4053,nan
4056,nan
4067,nan
4073,nan
4075,nan
4088,nan
4105,nan
4109,nan
4115,nan
4119,nan
4120,nan
4121,nan
4124,nan
4128,nan
4129,nan
4136,nan
4137,nan
4145,nan
4151,nan
4159,nan
4165,nan
4166,nan
4169,nan
4174,nan
4187,nan
4188,nan
4198,nan
4199,nan
4204,nan
4209,nan
4214,nan
4217,nan
4220,nan
4223,nan
4225,nan
4237,nan
4243,nan
4245,nan
4247,nan
4252,nan
4253,nan
4258,nan
4265,nan
4266,nan
4269,nan
4270,nan
4274,nan
4275,nan
4279,nan
4290,nan
4298,nan
4301,nan
4303,nan
4304,nan
4310,nan
4316,nan
4321,nan
4322,nan
4326,nan
4335,nan
4342,nan
4345,nan
4351,nan
4367,nan
4381,nan
4391,nan
4397,nan
4403,nan
4405,nan
4422,nan
4423,nan
4424,nan
4425,nan
4426,nan
4427,nan
4432,nan
4435,nan
4437,nan
4454,nan
4455,nan
4457,nan
4462,nan
4474,nan
4475,nan
4488,nan
4490,nan
4493,nan
4494,nan
4497,nan
4498,nan
4510,nan
4515,nan
4521,nan
4531,nan
4532,nan
4534,nan
4537,nan
4543,nan
4552,nan
4558,nan
4567,nan
4572,nan
4577,nan
4586,nan
4592,nan
4594,nan
4596,nan
4597,nan
4599,nan
4602,nan
4605,nan
4606,nan
4610,nan
4614,nan
4617,nan
4618,nan
4619,nan
4626,nan
4637,nan
4646,nan
4648,nan
4655,nan
4662,nan
4663,nan
4664,nan
4672,nan
4673,nan
4678,nan
4680,nan
4681,nan
4686,nan
4687,nan
4694,nan
4695,nan
4702,nan
4706,nan
4709,nan
4715,nan
4721,nan
4727,nan
4730,nan
4732,nan
4734,nan
4739,nan
4740,nan
4746,nan
4755,nan
4757,nan
4759,nan
4760,nan
4769,nan
4775,nan
4778,nan
4785,nan
4787,nan
4793,nan
4795,nan
4800,nan
4803,nan
4806,nan
4808,nan
4809,nan
4812,nan
4813,nan
4815,nan
4820,nan
4824,nan
4825,nan
4852,nan
4855,nan
4857,nan
4863,nan
4864,nan
4866,nan
4867,nan
4871,nan
4875,nan
4881,nan
4886,nan
4890,nan
4897,nan
4905,nan
4910,nan
4914,nan
4916,nan
4919,nan
4922,nan
4937,nan
4938,nan
4941,nan
4943,nan
4944,nan
4952,nan
4953,nan
4958,nan
4965,nan
4974,nan
4979,nan
4980,nan
4996,nan
4998,nan
5004,nan
5007,nan
5012,nan
5014,nan
5017,nan
5024,nan
5035,nan
5040,nan
5046,nan
5047,nan
5053,nan
5060,nan
5063,nan
5075,nan
5079,nan
5081,nan
5089,nan
5092,nan
5095,nan
5099,nan
5100,nan
5102,nan
5103,nan
5107,nan
5111,nan
5120,nan
5123,nan
5125,nan
5130,nan
5132,nan
5137,nan
5138,nan
5140,nan
5146,nan
5153,nan
5157,nan
5161,nan
5165,nan
5166,nan
5167,nan
5176,nan
5182,nan
5183,nan
5186,nan
5192,nan
5194,nan
5198,nan
5199,nan
5202,nan
5203,nan
5208,nan
5209,nan
5215,nan
5224,nan
5234,nan
5239,nan
5248,nan
5252,nan
5254,nan
5265,nan
5267,nan
5269,nan
5272,nan
5274,nan
5277,nan
5280,nan
5284,nan
5286,nan
5313,nan
5322,nan
5330,nan
5331,nan
5332,nan
5340,nan
5346,nan
5357,nan
5362,nan
5368,nan
5377,nan
5378,nan
5389,nan
5394,nan
5398,nan
5412,nan
5418,nan
5425,nan
5428,nan
5437,nan
5445,nan
5450,nan
5453,nan
5454,nan
5456,nan
5459,nan
5465,nan
5466,nan
5477,nan
5490,nan
5491,nan
5492,nan
5499,nan
5500,nan
5501,nan
5502,nan
5503,nan
5504,nan
5509,nan
5516,nan
5518,nan
5523,nan
5526,nan
5531,nan
5533,nan
5534,nan
5540,nan
5541,nan
5542,nan
5546,nan
5552,nan
5562,nan
5564,nan
5565,nan
5568,nan
5575,nan
5580,nan
5584,nan
5590,nan
5601,nan
5602,nan
5609,nan
5611,nan
5615,nan
5623,nan
5634,nan
5640,nan
5643,nan
5645,nan
5649,nan
5664,nan
5680,nan
5681,nan
5683,nan
5694,nan
5701,nan
5709,nan
5717,nan
5719,nan
5722,nan
5728,nan
5736,nan
5742,nan
5766,nan
5767,nan
5770,nan
5795,nan
5802,nan
5807,nan
5815,nan
5820,nan
5821,nan
5827,nan
5829,nan
5831,nan
5833,nan
5834,nan
5838,nan
5840,nan
5843,nan
5845,nan
5846,nan
5848,nan
5862,nan
5863,nan
5864,nan
5866,nan
5872,nan
5873,nan
5876,nan
5882,nan
5885,nan
5888,nan
5896,nan
5899,nan
5900,nan
5909,nan
5910,nan
5911,nan
5912,nan
5913,nan
5918,nan
5920,nan
5924,nan
5930,nan
5937,nan
5940,nan
5942,nan
5950,nan
5971,nan
5978,nan
5982,nan
5983,nan
5984,nan
5985,nan
5987,nan
5991,nan
5995,nan
6000,nan
6015,nan
6019,nan
6020,nan
6023,nan
6030,nan
6048,nan
6056,nan
6058,nan
6060,nan
6064,nan
6069,nan
6071,nan
6074,nan
6076,nan
6077,nan
6079,nan
6094,nan
6100,nan
6101,nan
6110,nan
6112,nan
6120,nan
6131,nan
6133,nan
6135,nan
6147,nan
6151,nan
6166,nan
6172,nan
6180,nan
6184,nan
6199,nan
6214,nan
6216,nan
6218,nan
6225,nan
6226,nan
6232,nan
6237,nan
6244,nan
6250,nan
6253,nan
6257,nan
6268,nan
6272,nan
6274,nan
6279,nan
6285,nan
6288,nan
6300,nan
6307,nan
6310,nan
6316,nan
6322,nan
6327,nan
6334,nan
6339,nan
6342,nan
6344,nan
6346,nan
6356,nan
6363,nan
6366,nan
6367,nan
6370,nan
6375,nan
6377,nan
6379,nan
6388,nan
6397,nan
6402,nan
6405,nan
6410,nan
6416,nan
6422,nan
6423,nan
6450,nan
6456,nan
6460,nan
6461,nan
6464,nan
6467,nan
6476,nan
6478,nan
6480,nan
6483,nan
6485,nan
6487,nan
6488,nan
6494,nan
6496,nan
6501,nan
6502,nan
6512,nan
6527,nan
6532,nan
6535,nan
6544,nan
6547,nan
6553,nan
6559,nan
6571,nan
6582,nan
6584,nan
6585,nan
6594,nan
6598,nan
6605,nan
6611,nan
6612,nan
6617,nan
6619,nan
6623,nan
6624,nan
6634,nan
6644,nan
6645,nan
6646,nan
6648,nan
6654,nan
6657,nan
6659,nan
6660,nan
6688,nan
6693,nan
6699,nan
6702,nan
6705,nan
6711,nan
6713,nan
6726,nan
6736,nan
6740,nan
6741,nan
6746,nan
6758,nan
6761,nan
6773,nan
6774,nan
6775,nan
6780,nan
6786,nan
6787,nan
6788,nan
6791,nan
6792,nan
6800,nan
6809,nan
6813,nan
6819,nan
6825,nan
6827,nan
6829,nan
6830,nan
6832,nan
6835,nan
6837,nan
6839,nan
6840,nan
6843,nan
6853,nan
6856,nan
6857,nan
6862,nan
6866,nan
6877,nan
6882,nan
6890,nan
6893,nan
6896,nan
6899,nan
6914,nan
6920,nan
6923,nan
6934,nan
6937,nan
6938,nan
6940,nan
6942,nan
6943,nan
6944,nan
6946,nan
6947,nan
6948,nan
6954,nan
6967,nan
6969,nan
6982,nan
6985,nan
6988,nan
6989,nan
6990,nan
6998,nan
7006,nan
7008,nan
7014,nan
7017,nan
7020,nan
7021,nan
7026,nan
7030,nan
7031,nan
7038,nan
7041,nan
7042,nan
7044,nan
7046,nan
7049,nan
7050,nan
7054,nan
7063,nan
7065,nan
7068,nan
7071,nan
7079,nan
7084,nan
7085,nan
7089,nan
7092,nan
7094,nan
7096,nan
7110,nan
7113,nan
7115,nan
7119,nan
7124,nan
7127,nan
7130,nan
7131,nan
7136,nan
7144,nan
7152,nan
7160,nan
7166,nan
7168,nan
7172,nan
7176,nan
7178,nan
7190,nan
7210,nan
7211,nan
7212,nan
7216,nan
7221,nan
7222,nan
7223,nan
7225,nan
7230,nan
7235,nan
7237,nan
7241,nan
7244,nan
7249,nan
7256,nan
7259,nan
7260,nan
7264,nan
7265,nan
7270,nan
7278,nan
7288,nan
7295,nan
7297,nan
7300,nan
7301,nan
7306,nan
7316,nan
7318,nan
7331,nan
7339,nan
7360,nan
7364,nan
7370,nan
7373,nan
7382,nan
7385,nan
7394,nan
7395,nan
7397,nan
7398,nan
7399,nan
7400,nan
7409,nan
7422,nan
7426,nan
7429,nan
7438,nan
7442,nan
7444,nan
7451,nan
7452,nan
7453,nan
7463,nan
7465,nan
7468,nan
7471,nan
7472,nan
7474,nan
7475,nan
7480,nan
7490,nan
7493,nan
7496,nan
7499,nan
7518,nan
7519,nan
7525,nan
7534,nan
7548,nan
7551,nan
7554,nan
7557,nan
7560,nan
7563,nan
7565,nan
7566,nan
7568,nan
7570,nan
7572,nan
7574,nan
7577,nan
7584,nan
7592,nan
7603,nan
7613,nan
7624,nan
7625,nan
7627,nan
7642,nan
7643,nan
7652,nan
7668,nan
7679,nan
7680,nan
7681,nan
7683,nan
7696,nan
7699,nan
7700,nan
7714,nan
7716,nan
7721,nan
7727,nan
7738,nan
7747,nan
7749,nan
7760,nan
7763,nan
7767,nan
7772,nan
7773,nan
7780,nan
7782,nan
7785,nan
7787,nan
7789,nan
7792,nan
7796,nan
7798,nan
7803,nan
7812,nan
7814,nan
7823,nan
7824,nan
7828,nan
7833,nan
7834,nan
7836,nan
7838,nan
7841,nan
7848,nan
7857,nan
7858,nan
7865,nan
7879,nan
7886,nan
7893,nan
7894,nan
7899,nan
7905,nan
7907,nan
7912,nan
7913,nan
7914,nan
7916,nan
7923,nan
7932,nan
7936,nan
7943,nan
7947,nan
7948,nan
7958,nan
7962,nan
7965,nan
7966,nan
7969,nan
7971,nan
7973,nan
7977,nan
7983,nan
7995,nan
7998,nan
8007,nan
8015,nan
8027,nan
8037,nan
8049,nan
8050,nan
8053,nan
8060,nan
8064,nan
8071,nan
8087,nan
8088,nan
8092,nan
8094,nan
8098,nan
8104,nan
8105,nan
8107,nan
8110,nan
8115,nan
8118,nan
8122,nan
8124,nan
8130,nan
8139,nan
8144,nan
8146,nan
8150,nan
8152,nan
8161,nan
8173,nan
8176,nan
8177,nan
8178,nan
8182,nan
8183,nan
8189,nan
8190,nan
8196,nan
8197,nan
8198,nan
8200,nan
8205,nan
8206,nan
8210,nan
8211,nan
8218,nan
8222,nan
8236,nan
8237,nan
8240,nan
8243,nan
8247,nan
8252,nan
8254,nan
8255,nan
8260,nan
8270,nan
8274,nan
8275,nan
8276,nan
8280,nan
8283,nan
8284,nan
8290,nan
8291,nan
8296,nan
8302,nan
8304,nan
8309,nan
8310,nan
8325,nan
8336,nan
8338,nan
8339,nan
8356,nan
8359,nan
8362,nan
8363,nan
8364,nan
8367,nan
8368,nan
8369,nan
8372,nan
8373,nan
8375,nan
8378,nan
8380,nan
8383,nan
8389,nan
8395,nan
8396,nan
8397,nan
8403,nan
8410,nan
8412,nan
8421,nan
8424,nan
8432,nan
8442,nan
8445,nan
8450,nan
8451,nan
8456,nan
8460,nan
8461,nan
8463,nan
8473,nan
8481,nan
8486,nan
8488,nan
8490,nan
8492,nan
8495,nan
8501,nan
8512,nan
8513,nan
8514,nan
8521,nan
8523,nan
8527,nan
8530,nan
8531,nan
8537,nan
8542,nan
8557,nan
8560,nan
8582,nan
8588,nan
8590,nan
8594,nan
8601,nan
8614,nan
8615,nan
8618,nan
8621,nan
8630,nan
8632,nan
8635,nan
8642,nan
8648,nan
8650,nan
8651,nan
8653,nan
8660,nan
8666,nan
8674,nan
8676,nan
8681,nan
8688,nan
8692,nan
8695,nan
8698,nan
8709,nan
8713,nan
8723,nan
8726,nan
8727,nan
8733,nan
8736,nan
8739,nan
8748,nan
8760,nan
8766,nan
8775,nan
8783,nan
8784,nan
8790,nan
8791,nan
8796,nan
8798,nan
8810,nan
8812,nan
8819,nan
8830,nan
8833,nan
8834,nan
8835,nan
8837,nan
8841,nan
8847,nan
8850,nan
8854,nan
8855,nan
8862,nan
8867,nan
8873,nan
8878,nan
8886,nan
8889,nan
8891,nan
8897,nan
8903,nan
8914,nan
8921,nan
8929,nan
8933,nan
8945,nan
8951,nan
8956,nan
8971,nan
8974,nan
8980,nan
8981,nan
8982,nan
8991,nan
8999,nan
9007,nan
9017,nan
9020,nan
9026,nan
9032,nan
9035,nan
9037,nan
9041,nan
9045,nan
9055,nan
9056,nan
9057,nan
9064,nan
9066,nan
9072,nan
9078,nan
9079,nan
9088,nan
9091,nan
9096,nan
9098,nan
9099,nan
9100,nan
9101,nan
9103,nan
9112,nan
9118,nan
9127,nan
9131,nan
9132,nan
9140,nan
9142,nan
9149,nan
9152,nan
9159,nan
9160,nan
9172,nan
9173,nan
9180,nan
9182,nan
9186,nan
9190,nan
9192,nan
9194,nan
9199,nan
9210,nan
9217,nan
9219,nan
9230,nan
9247,nan
9248,nan
9255,nan
9262,nan
9265,nan
9269,nan
9280,nan
9281,nan
9282,nan
9287,nan
9288,nan
9294,nan
9296,nan
9297,nan
9301,nan
9305,nan
9308,nan
9318,nan
9323,nan
9327,nan
9329,nan
9330,nan
9331,nan
9335,nan
9344,nan
9345,nan
9348,nan
9352,nan
9356,nan
9361,nan
9363,nan
9370,nan
9379,nan
9380,nan
9388,nan
9392,nan
9397,nan
9400,nan
9403,nan
9405,nan
9415,nan
9417,nan
9423,nan
9435,nan
9447,nan
9453,nan
9454,nan
9466,nan
9470,nan
9476,nan
9496,nan
9499,nan
9504,nan
9505,nan
9507,nan
9514,nan
9519,nan
9525,nan
9527,nan
9528,nan
9529,nan
9541,nan
9546,nan
9547,nan
9549,nan
9565,nan
9566,nan
9575,nan
9581,nan
9589,nan
9602,nan
9604,nan
9606,nan
9613,nan
9614,nan
9631,nan
9635,nan
9637,nan
9645,nan
9652,nan
9660,nan
9662,nan
9676,nan
9689,nan
9693,nan
9696,nan
9698,nan
9704,nan
9706,nan
9707,nan
9717,nan
9731,nan
9735,nan
9737,nan
9743,nan
9744,nan
9747,nan
9749,nan
9754,nan
9757,nan
9760,nan
9761,nan
9764,nan
9766,nan
9767,nan
9770,nan
9776,nan
9779,nan
9802,nan
9821,nan
9825,nan
9838,nan
9851,nan
9857,nan
9858,nan
9859,nan
9862,nan
9866,nan
9871,nan
9874,nan
9877,nan
9878,nan
9891,nan
9903,nan
9910,nan
9912,nan
9919,nan
9923,nan
9926,nan
9950,nan
9957,nan
9958,nan
9960,nan
9963,nan
9964,nan
9965,nan
9966,nan
9975,nan
9982,nan
9983,nan
9985,nan
9986,nan
9990,nan
10001,nan
10017,nan
10024,nan
10026,nan
10028,nan
10030,nan
10031,nan
10034,nan
10036,nan
10037,nan
10039,nan
10043,nan
10051,nan
10060,nan
10072,nan
10080,nan
10086,nan
10088,nan
10091,nan
10093,nan
10100,nan
10102,nan
10106,nan
10110,nan
10117,nan
10124,nan
10126,nan
10128,nan
10132,nan
10133,nan
10135,nan
10140,nan
10141,nan
10149,nan
10150,nan
10158,nan
10161,nan
10175,nan
10177,nan
10186,nan
10191,nan
10193,nan
10194,nan
10206,nan
10207,nan
10208,nan
10210,nan
10226,nan
10230,nan
10232,nan
10235,nan
10237,nan
10239,nan
10259,nan
10260,nan
10262,nan
10264,nan
10268,nan
10269,nan
10270,nan
10271,nan
10277,nan
10280,nan
10281,nan
10289,nan
10299,nan
10304,nan
10307,nan
10309,nan
10310,nan
10311,nan
10316,nan
10321,nan
10334,nan
10336,nan
10337,nan
10338,nan
10341,nan
10342,nan
10346,nan
10347,nan
10349,nan
10359,nan
10361,nan
10364,nan
10376,nan
10380,nan
10383,nan
10385,nan
10388,nan
10393,nan
10410,nan
10413,nan
10417,nan
10421,nan
10428,nan
10437,nan
10442,nan
10448,nan
10449,nan
10450,nan
10464,nan
10469,nan
10473,nan
10474,nan
10476,nan
10477,nan
10485,nan
10492,nan
10500,nan
10510,nan
10511,nan
10528,nan
10543,nan
10546,nan
10548,nan
10550,nan
10553,nan
10556,nan
10557,nan
10559,nan
10565,nan
10567,nan
10569,nan
10570,nan
10572,nan
10575,nan
10580,nan
10584,nan
10600,nan
10604,nan
10606,nan
10610,nan
10614,nan
10616,nan
10617,nan
10619,nan
10623,nan
10628,nan
10643,nan
10647,nan
10659,nan
10661,nan
10664,nan
10665,nan
10670,nan
10675,nan
10693,nan
10696,nan
10698,nan
10702,nan
10710,nan
10711,nan
10716,nan
10717,nan
10722,nan
10723,nan
10735,nan
10738,nan
10741,nan
10745,nan
10751,nan
10757,nan
10770,nan
10785,nan
10788,nan
10797,nan
10800,nan
10803,nan
10810,nan
10812,nan
10813,nan
10821,nan
10833,nan
10834,nan
10846,nan
10864,nan
10865,nan
10880,nan
10884,nan
10885,nan
10888,nan
10894,nan
10897,nan
10906,nan
10908,nan
10909,nan
10920,nan
10921,nan
10922,nan
10931,nan
10934,nan
10935,nan
10937,nan
10939,nan
10945,nan
10955,nan
10972,nan
10975,nan
10998,nan
11000,nan
11004,nan
11005,nan
11021,nan
11023,nan
11025,nan
11032,nan
11036,nan
11039,nan
11042,nan
11055,nan
11058,nan
11060,nan
11061,nan
11064,nan
11071,nan
11079,nan
11083,nan
11086,nan
11093,nan
11094,nan
11105,nan
11116,nan
11125,nan
11134,nan
11141,nan
11146,nan
11154,nan
11163,nan
11188,nan
11197,nan
11214,nan
11226,nan
11229,nan
11235,nan
11239,nan
11253,nan
11264,nan
11265,nan
11270,nan
11274,nan
11279,nan
11280,nan
11304,nan
11309,nan
11311,nan
11312,nan
11315,nan
11316,nan
11321,nan
11332,nan
11334,nan
11341,nan
11350,nan
11356,nan
11357,nan
11359,nan
11361,nan
11362,nan
11363,nan
11382,nan
11384,nan
11392,nan
11393,nan
11394,nan
11397,nan
11405,nan
11406,nan
11410,nan
11417,nan
11421,nan
11425,nan
11440,nan
11441,nan
11442,nan
11458,nan
11459,nan
11462,nan
11469,nan
11470,nan
11474,nan
11479,nan
11487,nan
11489,nan
11497,nan
11504,nan
11505,nan
11512,nan
11513,nan
11516,nan
11518,nan
11525,nan
11528,nan
11533,nan
11541,nan
11542,nan
11558,nan
11563,nan
11565,nan
11571,nan
11572,nan
11595,nan
11596,nan
11601,nan
11603,nan
11616,nan
11624,nan
11625,nan
11629,nan
11630,nan
11637,nan
11639,nan
11641,nan
11646,nan
11657,nan
11673,nan
11677,nan
11681,nan
11682,nan
11692,nan
11697,nan
11701,nan
11702,nan
11706,nan
11707,nan
11712,nan
11718,nan
11727,nan
11732,nan
11741,nan
11746,nan
11748,nan
11752,nan
11757,nan
11761,nan
11766,nan
11767,nan
11771,nan
11778,nan
11780,nan
11787,nan
11792,nan
11796,nan
11797,nan
11802,nan
11808,nan
11815,nan
11818,nan
11825,nan
11826,nan
11835,nan
11836,nan
11841,nan
11843,nan
11852,nan
11860,nan
11871,nan
11881,nan
11890,nan
11891,nan
11896,nan
11897,nan
11903,nan
11933,nan
11935,nan
11937,nan
11942,nan
11944,nan
11950,nan
11954,nan
11959,nan
11964,nan
11967,nan
11968,nan
11973,nan
11975,nan
11989,nan
12000,nan
12001,nan
12005,nan
12006,nan
12017,nan
12023,nan
12032,nan
12049,nan
12052,nan
12056,nan
12060,nan
12074,nan
12082,nan
12088,nan
12094,nan
12104,nan
12105,nan
12118,nan
12122,nan
12131,nan
12134,nan
12138,nan
12142,nan
12148,nan
12150,nan
12151,nan
12156,nan
12158,nan
12159,nan
12164,nan
12166,nan
12171,nan
12175,nan
12181,nan
12189,nan
12190,nan
12195,nan
12198,nan
12202,nan
12205,nan
12206,nan
12207,nan
12220,nan
12221,nan
12222,nan
12241,nan
12243,nan
12249,nan
12251,nan
12270,nan
12278,nan
12289,nan
12290,nan
12292,nan
12304,nan
12305,nan
12306,nan
12311,nan
12312,nan
12314,nan
12324,nan
12334,nan
12338,nan
12340,nan
12342,nan
12349,nan
12350,nan
12351,nan
12358,nan
12363,nan
12382,nan
12384,nan
12390,nan
12393,nan
12403,nan
12407,nan
12408,nan
12411,nan
12412,nan
12415,nan
12417,nan
12418,nan
12421,nan
12423,nan
12432,nan
12446,nan
12457,nan
12458,nan
12470,nan
12472,nan
12477,nan
12478,nan
12479,nan
12483,nan
12491,nan
12510,nan
12512,nan
12514,nan
12517,nan
12519,nan
12522,nan
12523,nan
12525,nan
12527,nan
12529,nan
12534,nan
12536,nan
12538,nan
12540,nan
12541,nan
12545,nan
12548,nan
12550,nan
12551,nan
12555,nan
12558,nan
12564,nan
12569,nan
12573,nan
12574,nan
12580,nan
12581,nan
12584,nan
12587,nan
12608,nan
12611,nan
12614,nan
12615,nan
12620,nan
12625,nan
12634,nan
12643,nan
12644,nan
12645,nan
12647,nan
12651,nan
12653,nan
12668,nan
12680,nan
12686,nan
12693,nan
12696,nan
12699,nan
12701,nan
12710,nan
12714,nan
12720,nan
12722,nan
12739,nan
12740,nan
12742,nan
12746,nan
12752,nan
12755,nan
12763,nan
12777,nan
12781,nan
12783,nan
12787,nan
12790,nan
12793,nan
12799,nan
12800,nan
12808,nan
12810,nan
12815,nan
12819,nan
12825,nan
12826,nan
12828,nan
12831,nan
12839,nan
12844,nan
12846,nan
12851,nan
12854,nan
12857,nan
12874,nan
12875,nan
12882,nan
12887,nan
12889,nan
12893,nan
12898,nan
12900,nan
12903,nan
12904,nan
12920,nan
12922,nan
12929,nan
12931,nan
12933,nan
12938,nan
12941,nan
12945,nan
12973,nan
12977,nan
12980,nan
12989,nan
12990,nan
12996,nan
12998,nan
13007,nan
13008,nan
13011,nan
13024,nan
13047,nan
13048,nan
13049,nan
13058,nan
13065,nan
13068,nan
13071,nan
13074,nan
13080,nan
13100,nan
13101,nan
13109,nan
13111,nan
13112,nan
13115,nan
13118,nan
13124,nan
13130,nan
13134,nan
13140,nan
13142,nan
13143,nan
13147,nan
13150,nan
13152,nan
13153,nan
13163,nan
13165,nan
13166,nan
13179,nan
13181,nan
13185,nan
13203,nan
13206,nan
13221,nan
13227,nan
13229,nan
13235,nan
13237,nan
13243,nan
13248,nan
13250,nan
13252,nan
13254,nan
13256,nan
13257,nan
13263,nan
13271,nan
13272,nan
13282,nan
13291,nan
13293,nan
13300,nan
13305,nan
13307,nan
13314,nan
13323,nan
13328,nan
13330,nan
13332,nan
13333,nan
13336,nan
13342,nan
13343,nan
13349,nan
13352,nan
13360,nan
13364,nan
13366,nan
13373,nan
13389,nan
13390,nan
13394,nan
13395,nan
13396,nan
13399,nan
13409,nan
13415,nan
13418,nan
13419,nan
13422,nan
13424,nan
13436,nan
13440,nan
13448,nan
13452,nan
13453,nan
13460,nan
13464,nan
13468,nan
13470,nan
13476,nan
13481,nan
13486,nan
13487,nan
13490,nan
13497,nan
13499,nan
13504,nan
13508,nan
13511,nan
13512,nan
13521,nan
13523,nan
13530,nan
13534,nan
13542,nan
13544,nan
13547,nan
13548,nan
13554,nan
13555,nan
13562,nan
13564,nan
13577,nan
13584,nan
13593,nan
13596,nan
13597,nan
13601,nan
13602,nan
13615,nan
13618,nan
13621,nan
13627,nan
13628,nan
13630,nan
13631,nan
13632,nan
13635,nan
13637,nan
13644,nan
13646,nan
13651,nan
13653,nan
13657,nan
13659,nan
13663,nan
13664,nan
13666,nan
13667,nan
13671,nan
13673,nan
13675,nan
13679,nan
13681,nan
13688,nan
13691,nan
13702,nan
13705,nan
13707,nan
13709,nan
13711,nan
13712,nan
13714,nan
13717,nan
13720,nan
13725,nan
13728,nan
13738,nan
13744,nan
13747,nan
13757,nan
13766,nan
13781,nan
13787,nan
13790,nan
13791,nan
13793,nan
13802,nan
13809,nan
13812,nan
13822,nan
13825,nan
13832,nan
13833,nan
13835,nan
13836,nan
13850,nan
13854,nan
13855,nan
13858,nan
13872,nan
13881,nan
13885,nan
13888,nan
13891,nan
13893,nan
13894,nan
13910,nan
13916,nan
13917,nan
13919,nan
13922,nan
13923,nan
13931,nan
13933,nan
13934,nan
13935,nan
13936,nan
13943,nan
13961,nan
13973,nan
13974,nan
13976,nan
13978,nan
13980,nan
13981,nan
13996,nan
13999,nan
14002,nan
14003,nan
14008,nan
14014,nan
14015,nan
14016,nan
14020,nan
14032,nan
14036,nan
14037,nan
14038,nan
14044,nan
14050,nan
14056,nan
14057,nan
14061,nan
14067,nan
14072,nan
14083,nan
14093,nan
14094,nan
14098,nan
14100,nan
14104,nan
14116,nan
14121,nan
14125,nan
14127,nan
14133,nan
14134,nan
14137,nan
14148,nan
14149,nan
14152,nan
14157,nan
14158,nan
14160,nan
14162,nan
14172,nan
14175,nan
14179,nan
14180,nan
14182,nan
14185,nan
14188,nan
14197,nan
14208,nan
14210,nan
14212,nan
14215,nan
14216,nan
14226,nan
14229,nan
14252,nan
14253,nan
14254,nan
14255,nan
14267,nan
14268,nan
14278,nan
14287,nan
14288,nan
14325,nan
14327,nan
14330,nan
14342,nan
14346,nan
14358,nan
14382,nan
14392,nan
14395,nan
14396,nan
14402,nan
14409,nan
14418,nan
14422,nan
14428,nan
14431,nan
14434,nan
14442,nan
14456,nan
14467,nan
14468,nan
14469,nan
14476,nan
14486,nan
14491,nan
14493,nan
14494,nan
14497,nan
14498,nan
14500,nan
14501,nan
14506,nan
14509,nan
14513,nan
14514,nan
14521,nan
14527,nan
14532,nan
14536,nan
14541,nan
14557,nan
14560,nan
14564,nan
14566,nan
14567,nan
14574,nan
14578,nan
14584,nan
14586,nan
14593,nan
14594,nan
14603,nan
14612,nan
14616,nan
14617,nan
14624,nan
14630,nan
14634,nan
14635,nan
14637,nan
14640,nan
14642,nan
14643,nan
14646,nan
14653,nan
14654,nan
14663,nan
14666,nan
14670,nan
14676,nan
14678,nan
14682,nan
14683,nan
14690,nan
14698,nan
14706,nan
14712,nan
14714,nan
14718,nan
14726,nan
14727,nan
14730,nan
14735,nan
14744,nan
14747,nan
14751,nan
14757,nan
14760,nan
14767,nan
14770,nan
14771,nan
14775,nan
14778,nan
14779,nan
14781,nan
14782,nan
14784,nan
14785,nan
14792,nan
14797,nan
14802,nan
14805,nan
14809,nan
14810,nan
14814,nan
14815,nan
14816,nan
14824,nan
14838,nan
14841,nan
14846,nan
14870,nan
14888,nan
14900,nan
14906,nan
14907,nan
14922,nan
14925,nan
14927,nan
14933,nan
14937,nan
14948,nan
14957,nan
14961,nan
14962,nan
14970,nan
14971,nan
14972,nan
14977,nan
14979,nan
14983,nan
14987,nan
14988,nan
14989,nan
14992,nan
14999,nan
15000,nan
15006,nan
15010,nan
15023,nan
15024,nan
15027,nan
15031,nan
15032,nan
15033,nan
15038,nan
15043,nan
15045,nan
15051,nan
15056,nan
15058,nan
15059,nan
15066,nan
15073,nan
15075,nan
15084,nan
15085,nan
15091,nan
15094,nan
15097,nan
15103,nan
15105,nan
15106,nan
15108,nan
15113,nan
15121,nan
15123,nan
15131,nan
15132,nan
15133,nan
15136,nan
15165,nan
15168,nan
15175,nan
15180,nan
15183,nan
15187,nan
15192,nan
15196,nan
15203,nan
15204,nan
15209,nan
15211,nan
15216,nan
15224,nan
15226,nan
15227,nan
15228,nan
15229,nan
15238,nan
15241,nan
15255,nan
15257,nan
15260,nan
15262,nan
15269,nan
15273,nan
15282,nan
15287,nan
15301,nan
15312,nan
15313,nan
15314,nan
15319,nan
15322,nan
15323,nan
15330,nan
15338,nan
15349,nan
15353,nan
15356,nan
15367,nan
15372,nan
15387,nan
15395,nan
15399,nan
15407,nan
15409,nan
15410,nan
15415,nan
15423,nan
15424,nan
15430,nan
15431,nan
15439,nan
15451,nan
15464,nan
15468,nan
15469,nan
15481,nan
15492,nan
15496,nan
15497,nan
15499,nan
15500,nan
15510,nan
15512,nan
15514,nan
15517,nan
15519,nan
15526,nan
15529,nan
15532,nan
15544,nan
15545,nan
15550,nan
15561,nan
15569,nan
15570,nan
15573,nan
15577,nan
15582,nan
15586,nan
15594,nan
15609,nan
15612,nan
15613,nan
15622,nan
15623,nan
15624,nan
15630,nan
15635,nan
15641,nan
15645,nan
15658,nan
15666,nan
15671,nan
15675,nan
15676,nan
15677,nan
15678,nan
15689,nan
15690,nan
15699,nan
15703,nan
15707,nan
15708,nan
15712,nan
15713,nan
15714,nan
15716,nan
15717,nan
15728,nan
15729,nan
15736,nan
15738,nan
15740,nan
15754,nan
15757,nan
15770,nan
15774,nan
15776,nan
15780,nan
15786,nan
15801,nan
15806,nan
15808,nan
15809,nan
15824,nan
15828,nan
15829,nan
15832,nan
15838,nan
15839,nan
15851,nan
15855,nan
15860,nan
15862,nan
15865,nan
15883,nan
15884,nan
15885,nan
15897,nan
15902,nan
15908,nan
15911,nan
15912,nan
15922,nan
15932,nan
15933,nan
15943,nan
15946,nan
15956,nan
15959,nan
15966,nan
15968,nan
15969,nan
15971,nan
15988,nan
15995,nan
16009,nan
16010,nan
16016,nan
16017,nan
16019,nan
16020,nan
16024,nan
16025,nan
16028,nan
16030,nan
16032,nan
16062,nan
16074,nan
16076,nan
16079,nan
16084,nan
16090,nan
16091,nan
16092,nan
16094,nan
16096,nan
16099,nan
16113,nan
16114,nan
16129,nan
16134,nan
16139,nan
16140,nan
16143,nan
16144,nan
16154,nan
16158,nan
16162,nan
16165,nan
16167,nan
16168,nan
16173,nan
16176,nan
16177,nan
16182,nan
16183,nan
16188,nan
16189,nan
16200,nan
16203,nan
16208,nan
16211,nan
16218,nan
16228,nan
16233,nan
16242,nan
16243,nan
16246,nan
16248,nan
16252,nan
16258,nan
16261,nan
16263,nan
16264,nan
16265,nan
16271,nan
16272,nan
16277,nan
16286,nan
16291,nan
16296,nan
16302,nan
16316,nan
16318,nan
16320,nan
16323,nan
16329,nan
16330,nan
16331,nan
16347,nan
16348,nan
16359,nan
16360,nan
16366,nan
16374,nan
16382,nan
16383,nan
16385,nan
16387,nan
16391,nan
16403,nan
16405,nan
16413,nan
16417,nan
16423,nan
16427,nan
16430,nan
16434,nan
16443,nan
16447,nan
16450,nan
16452,nan
16468,nan
16480,nan
16483,nan
16486,nan
16487,nan
16488,nan
16505,nan
16510,nan
16513,nan
16516,nan
16520,nan
16527,nan
16536,nan
16537,nan
16541,nan
16542,nan
16548,nan
16549,nan
16554,nan
16558,nan
16559,nan
16565,nan
16568,nan
16574,nan
16578,nan
16580,nan
16582,nan
16587,nan
16590,nan
16600,nan
16602,nan
16613,nan
16620,nan
16621,nan
16627,nan
16628,nan
16630,nan
16632,nan
16644,nan
16654,nan
16665,nan
16674,nan
16676,nan
16678,nan
16680,nan
16681,nan
16687,nan
16695,nan
16696,nan
16697,nan
16711,nan
16721,nan
16724,nan
16727,nan
16735,nan
16736,nan
16739,nan
16755,nan
16762,nan
16764,nan
16773,nan
16775,nan
16783,nan
16796,nan
16802,nan
16806,nan
16807,nan
16809,nan
16813,nan
16825,nan
16840,nan
16843,nan
16848,nan
16851,nan
16853,nan
16855,nan
16859,nan
16865,nan
16868,nan
16871,nan
16877,nan
16879,nan
16880,nan
16883,nan
16885,nan
16891,nan
16897,nan
16902,nan
16909,nan
16911,nan
16912,nan
16918,nan
16930,nan
16938,nan
16940,nan
16941,nan
16942,nan
16963,nan
16966,nan
16967,nan
16970,nan
16974,nan
16977,nan
16978,nan
16989,nan
17005,nan
17007,nan
17012,nan
17017,nan
17018,nan
17020,nan
17023,nan
17024,nan
17027,nan
17034,nan
17038,nan
17039,nan
17049,nan
17050,nan
17054,nan
17057,nan
17062,nan
17065,nan
17072,nan
17075,nan
17076,nan
17084,nan
17086,nan
17088,nan
17089,nan
17092,nan
17096,nan
17099,nan
17101,nan
17103,nan
17115,nan
17119,nan
17120,nan
17122,nan
17123,nan
17142,nan
17145,nan
17152,nan
17159,nan
17160,nan
17165,nan
17173,nan
17175,nan
17176,nan
17187,nan
17191,nan
17197,nan
17198,nan
17203,nan
17205,nan
17210,nan
17212,nan
17220,nan
17222,nan
17223,nan
17228,nan
17230,nan
17231,nan
17232,nan
17242,nan
17248,nan
17250,nan
17252,nan
17254,nan
17257,nan
17267,nan
17269,nan
17274,nan
17279,nan
17286,nan
17288,nan
17291,nan
17292,nan
17293,nan
17297,nan
17298,nan
17299,nan
17308,nan
17311,nan
17314,nan
17315,nan
17319,nan
17320,nan
17327,nan
17329,nan
17331,nan
17332,nan
17339,nan
17341,nan
17348,nan
17360,nan
17364,nan
17366,nan
17377,nan
17378,nan
17379,nan
17380,nan
17381,nan
17389,nan
17391,nan
17393,nan
17396,nan
17399,nan
17413,nan
17415,nan
17427,nan
17428,nan
17431,nan
17432,nan
17433,nan
17439,nan
17452,nan
17454,nan
17458,nan
17459,nan
17466,nan
17475,nan
17479,nan
17502,nan
17517,nan
17520,nan
17534,nan
17535,nan
17545,nan
17550,nan
17552,nan
17558,nan
17559,nan
17560,nan
17562,nan
17564,nan
17565,nan
17566,nan
17567,nan
17572,nan
17574,nan
17575,nan
17579,nan
17585,nan
17590,nan
17592,nan
17600,nan
17602,nan
17603,nan
17607,nan
17616,nan
17619,nan
17623,nan
17625,nan
17636,nan
17638,nan
17655,nan
17661,nan
17663,nan
17667,nan
17669,nan
17680,nan
17681,nan
17689,nan
17691,nan
17693,nan
17696,nan
17697,nan
17713,nan
17720,nan
17728,nan
17735,nan
17737,nan
17751,nan
17753,nan
17756,nan
17769,nan
17771,nan
17772,nan
17773,nan
17777,nan
17786,nan
17787,nan
17795,nan
17796,nan
17801,nan
17805,nan
17808,nan
17811,nan
17812,nan
17814,nan
17816,nan
17817,nan
17818,nan
17819,nan
17821,nan
17833,nan
17834,nan
17835,nan
17843,nan
17853,nan
17862,nan
17865,nan
17873,nan
17875,nan
17877,nan
17882,nan
17886,nan
17899,nan
17904,nan
17906,nan
17921,nan
17922,nan
17924,nan
17928,nan
17932,nan
17934,nan
17935,nan
17936,nan
17937,nan
17940,nan
17951,nan
17962,nan
17979,nan
17980,nan
17982,nan
17989,nan
17993,nan
17998,nan
17999,nan
18004,nan
18005,nan
18008,nan
18013,nan
18023,nan
18024,nan
18026,nan
18042,nan
18045,nan
18046,nan
18062,nan
18063,nan
18064,nan
18065,nan
18069,nan
18079,nan
18081,nan
18090,nan
18095,nan
18104,nan
18111,nan
18112,nan
18122,nan
18130,nan
18132,nan
18138,nan
18140,nan
18141,nan
18142,nan
18147,nan
18150,nan
18151,nan
18157,nan
18160,nan
18161,nan
18169,nan
18171,nan
18172,nan
18173,nan
18179,nan
18182,nan
18190,nan
18192,nan
18199,nan
18210,nan
18212,nan
18215,nan
18222,nan
18230,nan
18231,nan
18236,nan
18238,nan
18240,nan
18248,nan
18254,nan
18255,nan
18256,nan
18261,nan
18264,nan
18273,nan
18274,nan
18279,nan
18283,nan
18284,nan
18286,nan
18288,nan
18293,nan
18294,nan
18307,nan
18310,nan
18314,nan
18316,nan
18324,nan
18327,nan
18333,nan
18334,nan
18335,nan
18344,nan
18347,nan
18353,nan
18354,nan
18364,nan
18366,nan
18374,nan
18375,nan
18376,nan
18383,nan
18384,nan
18385,nan
18389,nan
18400,nan
18402,nan
18416,nan
18438,nan
18439,nan
18440,nan
18446,nan
18451,nan
18456,nan
18467,nan
18469,nan
18471,nan
18473,nan
18474,nan
18476,nan
18484,nan
18497,nan
18498,nan
18504,nan
18505,nan
18507,nan
18508,nan
18509,nan
18524,nan
18531,nan
18550,nan
18551,nan
18554,nan
18559,nan
18562,nan
18570,nan
18573,nan
18579,nan
18582,nan
18591,nan
18595,nan
18596,nan
18600,nan
18631,nan
18632,nan
18634,nan
18636,nan
18644,nan
18648,nan
18650,nan
18651,nan
18653,nan
18656,nan
18658,nan
18659,nan
18660,nan
18665,nan
18674,nan
18676,nan
18685,nan
18692,nan
18704,nan
18709,nan
18712,nan
18716,nan
18721,nan
18734,nan
18753,nan
18758,nan
18759,nan
18762,nan
18765,nan
18768,nan
18782,nan
18794,nan
18801,nan
18807,nan
18822,nan
18823,nan
18825,nan
18828,nan
18834,nan
18835,nan
18840,nan
18845,nan
18848,nan
18852,nan
18855,nan
18858,nan
18860,nan
18864,nan
18867,nan
18876,nan
18885,nan
18887,nan
18890,nan
18898,nan
18900,nan
18901,nan
18906,nan
18908,nan
18911,nan
18921,nan
18928,nan
18930,nan
18933,nan
18934,nan
18939,nan
18941,nan
18957,nan
18963,nan
18971,nan
18975,nan
18983,nan
18988,nan
18989,nan
18996,nan
19004,nan
19007,nan
19011,nan
19014,nan
19018,nan
19020,nan
19026,nan
19032,nan
19039,nan
19049,nan
19052,nan
19053,nan
19057,nan
19061,nan
19065,nan
19067,nan
19068,nan
19072,nan
19073,nan
19074,nan
19082,nan
19088,nan
19092,nan
19095,nan
19100,nan
19103,nan
19106,nan
19110,nan
19111,nan
19120,nan
19130,nan
19134,nan
19143,nan
19150,nan
19152,nan
19155,nan
19159,nan
19162,nan
19169,nan
19172,nan
19176,nan
19179,nan
19184,nan
19197,nan
19218,nan
19222,nan
19224,nan
19227,nan
19231,nan
19232,nan
19236,nan
19241,nan
19243,nan
19246,nan
19248,nan
19249,nan
19266,nan
19268,nan
19272,nan
19277,nan
19283,nan
19284,nan
19294,nan
19307,nan
19311,nan
19317,nan
19318,nan
19323,nan
19326,nan
19327,nan
19334,nan
19343,nan
19344,nan
19345,nan
19347,nan
19364,nan
19373,nan
19377,nan
19381,nan
19395,nan
19396,nan
19401,nan
19410,nan
19414,nan
19415,nan
19416,nan
19418,nan
19420,nan
19423,nan
19424,nan
19429,nan
19438,nan
19440,nan
19443,nan
19445,nan
19448,nan
19455,nan
19459,nan
19463,nan
19479,nan
19483,nan
19486,nan
19494,nan
19496,nan
19501,nan
19511,nan
19513,nan
19519,nan
19523,nan
19529,nan
19530,nan
19534,nan
19536,nan
19546,nan
19549,nan
19551,nan
19558,nan
19559,nan
19560,nan
19583,nan
19586,nan
19587,nan
19591,nan
19592,nan
19593,nan
19597,nan
19604,nan
19618,nan
19620,nan
19643,nan
19647,nan
19648,nan
19649,nan
19651,nan
19655,nan
19665,nan
19666,nan
19667,nan
19690,nan
19692,nan
19693,nan
19716,nan
19740,nan
19743,nan
19745,nan
19747,nan
19749,nan
19755,nan
19758,nan
19767,nan
19769,nan
19779,nan
19792,nan
19797,nan
19800,nan
19802,nan
19804,nan
19807,nan
19808,nan
19821,nan
19827,nan
19829,nan
19830,nan
19831,nan
19832,nan
19835,nan
19838,nan
19845,nan
19852,nan
19853,nan
19859,nan
19860,nan
19870,nan
19875,nan
19891,nan
19893,nan
19899,nan
19909,nan
19910,nan
19918,nan
19920,nan
19921,nan
19936,nan
19937,nan
19944,nan
19946,nan
19954,nan
19958,nan
19977,nan
19986,nan
19990,nan
19999,nan
20013,nan
20022,nan
20023,nan
20024,nan
20037,nan
20051,nan
20063,nan
20073,nan
20074,nan
20076,nan
20086,nan
20090,nan
20099,nan
20101,nan
20102,nan
20103,nan
20105,nan
20106,nan
20108,nan
20114,nan
20117,nan
20135,nan
20142,nan
20157,nan
20163,nan
20167,nan
20170,nan
20171,nan
20172,nan
20176,nan
20184,nan
20186,nan
20192,nan
20195,nan
20197,nan
20200,nan
20207,nan
20208,nan
20214,nan
20216,nan
20217,nan
20218,nan
20219,nan
20225,nan
20227,nan
20229,nan
20238,nan
20240,nan
20251,nan
20252,nan
20254,nan
20257,nan
20258,nan
20266,nan
20275,nan
20277,nan
20280,nan
20285,nan
20286,nan
20292,nan
20306,nan
20309,nan
20312,nan
20319,nan
20328,nan
20331,nan
20334,nan
20343,nan
20353,nan
20354,nan
20357,nan
20359,nan
20362,nan
20364,nan
20371,nan
20380,nan
20385,nan
20386,nan
20391,nan
20401,nan
20403,nan
20418,nan
20419,nan
20428,nan
20439,nan
20441,nan
20442,nan
20445,nan
20446,nan
20452,nan
20455,nan
20457,nan
20460,nan
20463,nan
20466,nan
20470,nan
20471,nan
20482,nan
20493,nan
20494,nan
20495,nan
20498,nan
20501,nan
20522,nan
20527,nan
20537,nan
20539,nan
20557,nan
20566,nan
20574,nan
20577,nan
20581,nan
20582,nan
20585,nan
20588,nan
20593,nan
20601,nan
20612,nan
20618,nan
20629,nan
20637,nan
20639,nan
20642,nan
20656,nan
20658,nan
20666,nan
20667,nan
20669,nan
20670,nan
20671,nan
20676,nan
20680,nan
20682,nan
20687,nan
20696,nan
20706,nan
20709,nan
20710,nan
20711,nan
20717,nan
20750,nan
20765,nan
20768,nan
20769,nan
20778,nan
20782,nan
20791,nan
20804,nan
20805,nan
20814,nan
20828,nan
20834,nan
20837,nan
20839,nan
20840,nan
20842,nan
20844,nan
20853,nan
20859,nan
20860,nan
20862,nan
20866,nan
20875,nan
20881,nan
20882,nan
20887,nan
20888,nan
20892,nan
20896,nan
20900,nan
20931,nan
20936,nan
20939,nan
20942,nan
20945,nan
20948,nan
20949,nan
20959,nan
20967,nan
20972,nan
20979,nan
20983,nan
20985,nan
20986,nan
20989,nan
20991,nan
20992,nan
20994,nan
20995,nan
21000,nan
21007,nan
21010,nan
21016,nan
21018,nan
21021,nan
21028,nan
21029,nan
21032,nan
21034,nan
21035,nan
21036,nan
21037,nan
21051,nan
21062,nan
21067,nan
21069,nan
21085,nan
21092,nan
21096,nan
21102,nan
21109,nan
21111,nan
21113,nan
21115,nan
21118,nan
21127,nan
21132,nan
21135,nan
21137,nan
21140,nan
21142,nan
21144,nan
21145,nan
21153,nan
21156,nan
21157,nan
21161,nan
21163,nan
21167,nan
21184,nan
21185,nan
21189,nan
21192,nan
21203,nan
21206,nan
21209,nan
21218,nan
21233,nan
21245,nan
21247,nan
21248,nan
21251,nan
21256,nan
21258,nan
21261,nan
21262,nan
21264,nan
21265,nan
21269,nan
21270,nan
21271,nan
21274,nan
21276,nan
21277,nan
21279,nan
21282,nan
21285,nan
21287,nan
21291,nan
21299,nan
21303,nan
21306,nan
21307,nan
21317,nan
21320,nan
21323,nan
21325,nan
21327,nan
21334,nan
21339,nan
21341,nan
21342,nan
21346,nan
21351,nan
21352,nan
21356,nan
21359,nan
21360,nan
21365,nan
21366,nan
21368,nan
21373,nan
21374,nan
21380,nan
21395,nan
21396,nan
21402,nan
21408,nan
21410,nan
21414,nan
21424,nan
21427,nan
21428,nan
21432,nan
21438,nan
21442,nan
21446,nan
21448,nan
21449,nan
21450,nan
21454,nan
21457,nan
21468,nan
21472,nan
21483,nan
21491,nan
21503,nan
21507,nan
21508,nan
21514,nan
21518,nan
21519,nan
21524,nan
21526,nan
21527,nan
21530,nan
21533,nan
21542,nan
21543,nan
21544,nan
21547,nan
21558,nan
21566,nan
21574,nan
21575,nan
21576,nan
21577,nan
21580,nan
21590,nan
21593,nan
21595,nan
21596,nan
21602,nan
21612,nan
21618,nan
21622,nan
21637,nan
21638,nan
21643,nan
21652,nan
21655,nan
21656,nan
21663,nan
21666,nan
21667,nan
21672,nan
21686,nan
21694,nan
21706,nan
21712,nan
21723,nan
21724,nan
21728,nan
21730,nan
21745,nan
21746,nan
21753,nan
21755,nan
21757,nan
21763,nan
21766,nan
21770,nan
21779,nan
21781,nan
21782,nan
21791,nan
21792,nan
21796,nan
21799,nan
21804,nan
21810,nan
21813,nan
21814,nan
21816,nan
21818,nan
21830,nan
21832,nan
21834,nan
21835,nan
21836,nan
21838,nan
21839,nan
21842,nan
21859,nan
21861,nan
21863,nan
21875,nan
21878,nan
21885,nan
21887,nan
21890,nan
21892,nan
21898,nan
21904,nan
21911,nan
21914,nan
21919,nan
21925,nan
21931,nan
21932,nan
21933,nan
21935,nan
21936,nan
21937,nan
21938,nan
21940,nan
21941,nan
21955,nan
21960,nan
21961,nan
21965,nan
21970,nan
21975,nan
21976,nan
21979,nan
21980,nan
21991,nan
21993,nan
21997,nan
21999,nan
22000,nan
22002,nan
22009,nan
22013,nan
22018,nan
22019,nan
22021,nan
22038,nan
22039,nan
22046,nan
22047,nan
22052,nan
22054,nan
22055,nan
22056,nan
22058,nan
22061,nan
22064,nan
22069,nan
22073,nan
22077,nan
22081,nan
22089,nan
22090,nan
22092,nan
22095,nan
22101,nan
22114,nan
22118,nan
22120,nan
22122,nan
22138,nan
22141,nan
22145,nan
22157,nan
22161,nan
22171,nan
22172,nan
22175,nan
22179,nan
22183,nan
22185,nan
22186,nan
22193,nan
22199,nan
22200,nan
22205,nan
22207,nan
22208,nan
22211,nan
22213,nan
22214,nan
22215,nan
22229,nan
22232,nan
22234,nan
22236,nan
22237,nan
22242,nan
22246,nan
22249,nan
22257,nan
22258,nan
22263,nan
22273,nan
22275,nan
22285,nan
22288,nan
22292,nan
22296,nan
22302,nan
22315,nan
22316,nan
22321,nan
22326,nan
22329,nan
22330,nan
22331,nan
22333,nan
22336,nan
22338,nan
22342,nan
22344,nan
22346,nan
22365,nan
22366,nan
22369,nan
22377,nan
22378,nan
22383,nan
22384,nan
22385,nan
22391,nan
22397,nan
22403,nan
22405,nan
22407,nan
22410,nan
22421,nan
22423,nan
22425,nan
22430,nan
22434,nan
22440,nan
22444,nan
22451,nan
22453,nan
22456,nan
22470,nan
22484,nan
22486,nan
22498,nan
22504,nan
22507,nan
22521,nan
22523,nan
22526,nan
22534,nan
22538,nan
22539,nan
22545,nan
22548,nan
22550,nan
22552,nan
22554,nan
22555,nan
22556,nan
22561,nan
22570,nan
22576,nan
22581,nan
22583,nan
22585,nan
22588,nan
22593,nan
22599,nan
22601,nan
22603,nan
22604,nan
22607,nan
22611,nan
22613,nan
22614,nan
22618,nan
22621,nan
22622,nan
22627,nan
22628,nan
22635,nan
22640,nan
22644,nan
22645,nan
22646,nan
22648,nan
22650,nan
22656,nan
22658,nan
22660,nan
22678,nan
22682,nan
22689,nan
22690,nan
22691,nan
22694,nan
22698,nan
22699,nan
22702,nan
22715,nan
22717,nan
22720,nan
22721,nan
22722,nan
22729,nan
22739,nan
22744,nan
22749,nan
22758,nan
22765,nan
22768,nan
22771,nan
22773,nan
22775,nan
22777,nan
22785,nan
22792,nan
22793,nan
22794,nan
22802,nan
22806,nan
22822,nan
22824,nan
22829,nan
22832,nan
22833,nan
22836,nan
22838,nan
22842,nan
22848,nan
22850,nan
22860,nan
22863,nan
22869,nan
22871,nan
22876,nan
22895,nan
22897,nan
22900,nan
22910,nan
22912,nan
22913,nan
22917,nan
22923,nan
22933,nan
22934,nan
22943,nan
22944,nan
22955,nan
22966,nan
22969,nan
22973,nan
22975,nan
22983,nan
22985,nan
22992,nan
22993,nan
22994,nan
22995,nan
23000,nan
23001,nan
23002,nan
23003,nan
23004,nan
23006,nan
23012,nan
23013,nan
23014,nan
23019,nan
23022,nan
23034,nan
23038,nan
23040,nan
23046,nan
23048,nan
23050,nan
23058,nan
23060,nan
23063,nan
23064,nan
23065,nan
23068,nan
23070,nan
23071,nan
23072,nan
23073,nan
23074,nan
23077,nan
23079,nan
23085,nan
23090,nan
23096,nan
23098,nan
23108,nan
23115,nan
23121,nan
23122,nan
23123,nan
23132,nan
23145,nan
23146,nan
23147,nan
23148,nan
23155,nan
23167,nan
23174,nan
23179,nan
23188,nan
23189,nan
23190,nan
23198,nan
23203,nan
23206,nan
23212,nan
23217,nan
23220,nan
23223,nan
23226,nan
23229,nan
23234,nan
23236,nan
23237,nan
23239,nan
23242,nan
23247,nan
23252,nan
23258,nan
23266,nan
23267,nan
23268,nan
23276,nan
23279,nan
23281,nan
23284,nan
23285,nan
23287,nan
23289,nan
23291,nan
23293,nan
23295,nan
23298,nan
23305,nan
23314,nan
23319,nan
23335,nan
23340,nan
23341,nan
23350,nan
23356,nan
23360,nan
23363,nan
23374,nan
23375,nan
23378,nan
23379,nan
23380,nan
23387,nan
23394,nan
23408,nan
23412,nan
23415,nan
23417,nan
23420,nan
23424,nan
23430,nan
23434,nan
23435,nan
23448,nan
23452,nan
23458,nan
23459,nan
23463,nan
23466,nan
23468,nan
23469,nan
23473,nan
23477,nan
23478,nan
23481,nan
23486,nan
23503,nan
23506,nan
23507,nan
23520,nan
23522,nan
23524,nan
23525,nan
23533,nan
23544,nan
23545,nan
23548,nan
23563,nan
23575,nan
23577,nan
23582,nan
23589,nan
23590,nan
23601,nan
23604,nan
23606,nan
23607,nan
23610,nan
23615,nan
23618,nan
23623,nan
23627,nan
23629,nan
23630,nan
23635,nan
23637,nan
23642,nan
23654,nan
23666,nan
23667,nan
23688,nan
23689,nan
23691,nan
23694,nan
23696,nan
23698,nan
23699,nan
23707,nan
23708,nan
23713,nan
23714,nan
23722,nan
23726,nan
23738,nan
23740,nan
23744,nan
23753,nan
23756,nan
23760,nan
23768,nan
23775,nan
23780,nan
23785,nan
23795,nan
23799,nan
23803,nan
23806,nan
23832,nan
23838,nan
23840,nan
23845,nan
23846,nan
23848,nan
23852,nan
23854,nan
23857,nan
23859,nan
23862,nan
23865,nan
23866,nan
23867,nan
23871,nan
23874,nan
23878,nan
23883,nan
23885,nan
23886,nan
23897,nan
23901,nan
23907,nan
23915,nan
23925,nan
23926,nan
23932,nan
23937,nan
23949,nan
23950,nan
23952,nan
23953,nan
23955,nan
23962,nan
23964,nan
23966,nan
23967,nan
23975,nan
23980,nan
23984,nan
23988,nan
24001,nan
24006,nan
24014,nan
24018,nan
24042,nan
24047,nan
24051,nan
24060,nan
24071,nan
24080,nan
24082,nan
24084,nan
24093,nan
24097,nan
24100,nan
24103,nan
24105,nan
24112,nan
24114,nan
24115,nan
24129,nan
24132,nan
24134,nan
24145,nan
24149,nan
24158,nan
24165,nan
24167,nan
24170,nan
24179,nan
24188,nan
24189,nan
24192,nan
24198,nan
24204,nan
24205,nan
24210,nan
24214,nan
24217,nan
24224,nan
24236,nan
24238,nan
24241,nan
24244,nan
24245,nan
24254,nan
24256,nan
24267,nan
24268,nan
24270,nan
24274,nan
24281,nan
24282,nan
24286,nan
24291,nan
24296,nan
24297,nan
24299,nan
24302,nan
24305,nan
24310,nan
24313,nan
24318,nan
24328,nan
24331,nan
24336,nan
24348,nan
24351,nan
24355,nan
24357,nan
24359,nan
24370,nan
24375,nan
24376,nan
24377,nan
24380,nan
24381,nan
24395,nan
24397,nan
24398,nan
24400,nan
24405,nan
24416,nan
24425,nan
24428,nan
24441,nan
24446,nan
24448,nan
24458,nan
24462,nan
24468,nan
24469,nan
24474,nan
24475,nan
24485,nan
24486,nan
24488,nan
24490,nan
24491,nan
24499,nan
24500,nan
24502,nan
24505,nan
24506,nan
24512,nan
24513,nan
24515,nan
24519,nan
24523,nan
24524,nan
24525,nan
24538,nan
24542,nan
24544,nan
24550,nan
24551,nan
24554,nan
24556,nan
24564,nan
24568,nan
24570,nan
24573,nan
24574,nan
24577,nan
24580,nan
24581,nan
24591,nan
24597,nan
24603,nan
24610,nan
24611,nan
24616,nan
24618,nan
24619,nan
24622,nan
24632,nan
24640,nan
24648,nan
24651,nan
24667,nan
24669,nan
24672,nan
24676,nan
24679,nan
24681,nan
24682,nan
24685,nan
24689,nan
24697,nan
24706,nan
24712,nan
24714,nan
24718,nan
24723,nan
24725,nan
24726,nan
24743,nan
24746,nan
24747,nan
24751,nan
24752,nan
24753,nan
24754,nan
24761,nan
24763,nan
24764,nan
24766,nan
24767,nan
24771,nan
24773,nan
24779,nan
24780,nan
24782,nan
24784,nan
24798,nan
24804,nan
24808,nan
24817,nan
24824,nan
24825,nan
24833,nan
24834,nan
24838,nan
24842,nan
24844,nan
24851,nan
24856,nan
24866,nan
24867,nan
24872,nan
24879,nan
24881,nan
24883,nan
24894,nan
24895,nan
24900,nan
24901,nan
24905,nan
24911,nan
24917,nan
24918,nan
24921,nan
24922,nan
24924,nan
24926,nan
24929,nan
24930,nan
24936,nan
24937,nan
24941,nan
24945,nan
24948,nan
24953,nan
24958,nan
24960,nan
24961,nan
24964,nan
24968,nan
24973,nan
24975,nan
24976,nan
24977,nan
24981,nan
24984,nan
24987,nan
24994,nan
24999,nan
25006,nan
25010,nan
25014,nan
25018,nan
25019,nan
25023,nan
25029,nan
25042,nan
25043,nan
25045,nan
25046,nan
25053,nan
25066,nan
25072,nan
25075,nan
25078,nan
25083,nan
25084,nan
25085,nan
25086,nan
25088,nan
25089,nan
25107,nan
25109,nan
25121,nan
25125,nan
25128,nan
25130,nan
25131,nan
25134,nan
25136,nan
25137,nan
25143,nan
25144,nan
25149,nan
25171,nan
25172,nan
25177,nan
25178,nan
25180,nan
25181,nan
25191,nan
25192,nan
25193,nan
25201,nan
25202,nan
25206,nan
25207,nan
25212,nan
25213,nan
25215,nan
25221,nan
25228,nan
25236,nan
25247,nan
25263,nan
25265,nan
25267,nan
25268,nan
25270,nan
25278,nan
25289,nan
25305,nan
25324,nan
25332,nan
25339,nan
25349,nan
25372,nan
25377,nan
25380,nan
25387,nan
25396,nan
25428,nan
25445,nan
25449,nan
25451,nan
25452,nan
25454,nan
25459,nan
25466,nan
25469,nan
25476,nan
25477,nan
25481,nan
25483,nan
25486,nan
25487,nan
25490,nan
25492,nan
25493,nan
25496,nan
25509,nan
25513,nan
25532,nan
25536,nan
25544,nan
25547,nan
25548,nan
25551,nan
25559,nan
25564,nan
25567,nan
25568,nan
25570,nan
25578,nan
25595,nan
25597,nan
25610,nan
25623,nan
25633,nan
25638,nan
25642,nan
25644,nan
25645,nan
25651,nan
25656,nan
25667,nan
25669,nan
25693,nan
25694,nan
25696,nan
25710,nan
25711,nan
25716,nan
25721,nan
25722,nan
25731,nan
25736,nan
25738,nan
25744,nan
25770,nan
25778,nan
25786,nan
25791,nan
25805,nan
25807,nan
25809,nan
25814,nan
25820,nan
25836,nan
25837,nan
25839,nan
25846,nan
25851,nan
25855,nan
25857,nan
25865,nan
25871,nan
25878,nan
25883,nan
25885,nan
25887,nan
25890,nan
25896,nan
25898,nan
25918,nan
25925,nan
25926,nan
25928,nan
25935,nan
25943,nan
25953,nan
25959,nan
25960,nan
25965,nan
25967,nan
25971,nan
25984,nan
25993,nan
25994,nan
25999,nan
26001,nan
26004,nan
26005,nan
26006,nan
26010,nan
26012,nan
26019,nan
26020,nan
26028,nan
26032,nan
26034,nan
26039,nan
26065,nan
26066,nan
26077,nan
26078,nan
26085,nan
26086,nan
26087,nan
26091,nan
26098,nan
26110,nan
26111,nan
26116,nan
26120,nan
26128,nan
26141,nan
26156,nan
26161,nan
26167,nan
26168,nan
26171,nan
26185,nan
26188,nan
26192,nan
26203,nan
26211,nan
26213,nan
26215,nan
26217,nan
26218,nan
26219,nan
26229,nan
26232,nan
26251,nan
26252,nan
26256,nan
26258,nan
26267,nan
26269,nan
26272,nan
26275,nan
26280,nan
26282,nan
26284,nan
26285,nan
26292,nan
26293,nan
26296,nan
26300,nan
26302,nan
26304,nan
26310,nan
26311,nan
26314,nan
26317,nan
26321,nan
26325,nan
26327,nan
26336,nan
26337,nan
26343,nan
26345,nan
26346,nan
26348,nan
26351,nan
26357,nan
26363,nan
26364,nan
26368,nan
26369,nan
26377,nan
26389,nan
26390,nan
26391,nan
26392,nan
26395,nan
26397,nan
26398,nan
26415,nan
26416,nan
26419,nan
26436,nan
26440,nan
26442,nan
26457,nan
26461,nan
26465,nan
26467,nan
26468,nan
26476,nan
26492,nan
26496,nan
26500,nan
26506,nan
26512,nan
26515,nan
26519,nan
26526,nan
26527,nan
26535,nan
26555,nan
26557,nan
26568,nan
26570,nan
26571,nan
26572,nan
26575,nan
26576,nan
26578,nan
26583,nan
26595,nan
26602,nan
26603,nan
26610,nan
26612,nan
26620,nan
26626,nan
26634,nan
26635,nan
26638,nan
26641,nan
26645,nan
26659,nan
26663,nan
26667,nan
26671,nan
26672,nan
26673,nan
26677,nan
26678,nan
26687,nan
26690,nan
26695,nan
26696,nan
26698,nan
26704,nan
26706,nan
26709,nan
26715,nan
26721,nan
26723,nan
26724,nan
26727,nan
26729,nan
26732,nan
26735,nan
26738,nan
26742,nan
26746,nan
26747,nan
26753,nan
26756,nan
26758,nan
26768,nan
26778,nan
26782,nan
26786,nan
26802,nan
26806,nan
26807,nan
26809,nan
26811,nan
26813,nan
26816,nan
26817,nan
26819,nan
26829,nan
26835,nan
26839,nan
26842,nan
26845,nan
26846,nan
26847,nan
26850,nan
26869,nan
26880,nan
26887,nan
26892,nan
26894,nan
26896,nan
26899,nan
26918,nan
26923,nan
26925,nan
26935,nan
26937,nan
26946,nan
26951,nan
26957,nan
26958,nan
26966,nan
26968,nan
26973,nan
26977,nan
26984,nan
26987,nan
26988,nan
26991,nan
26995,nan
27013,nan
27041,nan
27044,nan
27046,nan
27048,nan
27049,nan
27055,nan
27058,nan
27062,nan
27064,nan
27067,nan
27072,nan
27073,nan
27076,nan
27077,nan
27080,nan
27088,nan
27089,nan
27095,nan
27098,nan
27101,nan
27111,nan
27124,nan
27125,nan
27131,nan
27132,nan
27142,nan
27146,nan
27148,nan
27149,nan
27162,nan
27165,nan
27171,nan
27177,nan
27181,nan
27186,nan
27192,nan
27199,nan
27204,nan
27219,nan
27220,nan
27221,nan
27241,nan
27243,nan
27246,nan
27250,nan
27252,nan
27262,nan
27270,nan
27275,nan
27283,nan
27284,nan
27286,nan
27291,nan
27292,nan
27297,nan
27307,nan
27316,nan
27317,nan
27323,nan
27327,nan
27338,nan
27340,nan
27341,nan
27348,nan
27351,nan
27353,nan
27355,nan
27358,nan
27363,nan
27365,nan
27372,nan
27379,nan
27383,nan
27384,nan
27396,nan
27397,nan
27398,nan
27409,nan
27410,nan
27416,nan
27422,nan
27428,nan
27432,nan
27434,nan
27439,nan
27441,nan
27442,nan
27443,nan
27447,nan
27450,nan
27459,nan
27464,nan
27468,nan
27473,nan
27475,nan
27476,nan
27477,nan
27484,nan
27493,nan
27496,nan
27499,nan
27503,nan
27507,nan
27512,nan
27513,nan
27515,nan
27523,nan
27524,nan
27525,nan
27535,nan
27541,nan
27545,nan
27547,nan
27565,nan
27566,nan
27567,nan
27583,nan
27586,nan
27590,nan
27591,nan
27595,nan
27596,nan
27599,nan
27610,nan
27612,nan
27617,nan
27620,nan
27621,nan
27623,nan
27626,nan
27628,nan
27630,nan
27632,nan
27640,nan
27641,nan
27659,nan
27663,nan
27666,nan
27691,nan
27695,nan
27698,nan
27706,nan
27708,nan
27713,nan
27715,nan
27717,nan
27719,nan
27728,nan
27735,nan
27740,nan
27750,nan
27752,nan
27753,nan
27764,nan
27766,nan
27767,nan
27771,nan
27773,nan
27778,nan
27796,nan
27811,nan
27812,nan
27813,nan
27815,nan
27816,nan
27818,nan
27821,nan
27825,nan
27828,nan
27829,nan
27831,nan
27835,nan
27837,nan
27839,nan
27845,nan
27847,nan
27857,nan
27859,nan
27861,nan
27862,nan
27863,nan
27865,nan
27869,nan
27870,nan
27879,nan
27899,nan
27905,nan
27910,nan
27911,nan
27916,nan
27918,nan
27921,nan
27922,nan
27925,nan
27927,nan
27929,nan
27934,nan
27935,nan
27941,nan
27951,nan
27954,nan
27955,nan
27972,nan
27975,nan
27976,nan
27978,nan
27980,nan
27984,nan
27998,nan
28009,nan
28010,nan
28016,nan
28019,nan
28021,nan
28024,nan
28028,nan
28030,nan
28044,nan
28047,nan
28048,nan
28051,nan
28052,nan
28053,nan
28054,nan
28060,nan
28062,nan
28076,nan
28080,nan
28081,nan
28088,nan
28092,nan
28099,nan
28114,nan
28119,nan
28124,nan
28125,nan
28133,nan
28137,nan
28150,nan
28151,nan
28157,nan
28163,nan
28167,nan
28168,nan
28169,nan
28172,nan
28174,nan
28187,nan
28191,nan
28195,nan
28196,nan
28198,nan
28201,nan
28202,nan
28203,nan
28206,nan
28207,nan
28209,nan
28212,nan
28216,nan
28230,nan
28231,nan
28245,nan
28246,nan
28247,nan
28248,nan
28250,nan
28251,nan
28257,nan
28269,nan
28279,nan
28286,nan
28298,nan
28303,nan
28319,nan
28322,nan
28323,nan
28324,nan
28326,nan
28329,nan
28335,nan
28340,nan
28344,nan
28348,nan
28370,nan
28372,nan
28386,nan
28394,nan
28398,nan
28414,nan
28418,nan
28433,nan
28434,nan
28451,nan
28466,nan
28470,nan
28473,nan
28474,nan
28475,nan
28481,nan
28489,nan
28492,nan
28498,nan
28502,nan
28517,nan
28524,nan
28526,nan
28530,nan
28532,nan
28534,nan
28538,nan
28545,nan
28549,nan
28567,nan
28569,nan
28570,nan
28578,nan
28590,nan
28594,nan
28604,nan
28610,nan
28614,nan
28616,nan
28617,nan
28621,nan
28631,nan
28633,nan
28653,nan
28655,nan
28670,nan
28682,nan
28685,nan
28690,nan
28695,nan
28702,nan
28705,nan
28708,nan
28719,nan
28731,nan
28732,nan
28747,nan
28756,nan
28773,nan
28776,nan
28778,nan
28782,nan
28783,nan
28787,nan
28793,nan
28796,nan
28799,nan
28805,nan
28806,nan
28809,nan
28815,nan
28827,nan
28828,nan
28834,nan
28844,nan
28852,nan
28856,nan
28874,nan
28876,nan
28882,nan
28889,nan
28894,nan
28898,nan
28899,nan
28900,nan
28910,nan
28929,nan
28930,nan
28933,nan
28936,nan
28938,nan
28944,nan
28945,nan
28946,nan
28948,nan
28955,nan
28957,nan
28959,nan
28966,nan
28969,nan
28972,nan
28982,nan
28989,nan
28996,nan
28997,nan
29014,nan
29015,nan
29017,nan
29020,nan
29030,nan
29032,nan
29033,nan
29034,nan
29035,nan
29037,nan
29053,nan
29054,nan
29059,nan
29061,nan
29062,nan
29065,nan
29080,nan
29084,nan
29088,nan
29090,nan
29091,nan
29093,nan
29098,nan
29101,nan
29104,nan
29109,nan
29111,nan
29113,nan
29115,nan
29123,nan
29124,nan
29132,nan
29139,nan
29142,nan
29147,nan
29161,nan
29173,nan
29180,nan
29186,nan
29192,nan
29193,nan
29198,nan
29200,nan
29208,nan
29213,nan
29223,nan
29227,nan
29228,nan
29236,nan
29239,nan
29240,nan
29242,nan
29247,nan
29261,nan
29281,nan
29283,nan
29294,nan
29299,nan
29314,nan
29316,nan
29317,nan
29318,nan
29319,nan
29329,nan
29331,nan
29336,nan
29348,nan
29351,nan
29370,nan
29372,nan
29373,nan
29374,nan
29380,nan
29383,nan
29390,nan
29391,nan
29393,nan
29397,nan
29398,nan
29400,nan
29405,nan
29408,nan
29423,nan
29434,nan
29441,nan
29448,nan
29449,nan
29450,nan
29456,nan
29457,nan
29469,nan
29473,nan
29478,nan
29482,nan
29487,nan
29489,nan
29501,nan
29502,nan
29505,nan
29507,nan
29508,nan
29510,nan
29517,nan
29518,nan
29534,nan
29538,nan
29540,nan
29541,nan
29543,nan
29545,nan
29547,nan
29549,nan
29550,nan
29551,nan
29560,nan
29562,nan
29573,nan
29580,nan
29581,nan
29583,nan
29585,nan
29589,nan
29598,nan
29606,nan
29607,nan
29608,nan
29616,nan
29634,nan
29636,nan
29641,nan
29649,nan
29650,nan
29652,nan
29653,nan
29654,nan
29656,nan
29660,nan
29662,nan
29670,nan
29671,nan
29674,nan
29677,nan
29678,nan
29681,nan
29684,nan
29688,nan
29694,nan
29696,nan
29705,nan
29708,nan
29716,nan
29720,nan
29726,nan
29729,nan
29740,nan
29743,nan
29745,nan
29746,nan
29748,nan
29749,nan
29753,nan
29754,nan
29758,nan
29762,nan
29764,nan
29769,nan
29770,nan
29771,nan
29775,nan
29778,nan
29785,nan
29787,nan
29796,nan
29801,nan
29807,nan
29809,nan
29816,nan
29820,nan
29827,nan
29828,nan
29835,nan
29852,nan
29853,nan
29854,nan
29870,nan
29874,nan
29895,nan
29903,nan
29919,nan
29921,nan
29922,nan
29927,nan
29934,nan
29942,nan
29963,nan
29964,nan
29966,nan
29969,nan
29973,nan
29977,nan
29980,nan
29987,nan
29989,nan
29999,nan
30003,nan
30007,nan
30014,nan
30019,nan
30030,nan
30032,nan
30035,nan
30036,nan
30039,nan
30040,nan
30045,nan
30046,nan
30055,nan
30057,nan
30067,nan
30083,nan
30084,nan
30085,nan
30098,nan
30104,nan
30109,nan
30110,nan
30114,nan
30118,nan
30125,nan
30132,nan
30141,nan
30142,nan
30144,nan
30170,nan
30175,nan
30176,nan
30179,nan
30181,nan
30183,nan
30184,nan
30188,nan
30194,nan
30196,nan
30204,nan
30205,nan
30206,nan
30207,nan
30208,nan
30216,nan
30219,nan
30222,nan
30229,nan
30235,nan
30236,nan
30237,nan
30238,nan
30240,nan
30256,nan
30259,nan
30260,nan
30270,nan
30271,nan
30272,nan
30276,nan
30278,nan
30285,nan
30286,nan
30292,nan
30299,nan
30301,nan
30302,nan
30310,nan
30311,nan
30316,nan
30321,nan
30327,nan
30331,nan
30335,nan
30357,nan
30358,nan
30359,nan
30363,nan
30366,nan
30367,nan
30369,nan
30373,nan
30378,nan
30384,nan
30386,nan
30390,nan
30392,nan
30394,nan
30396,nan
30400,nan
30401,nan
30403,nan
30410,nan
30411,nan
30414,nan
30418,nan
30423,nan
30439,nan
30442,nan
30444,nan
30447,nan
30452,nan
30461,nan
30470,nan
30473,nan
30475,nan
30481,nan
30486,nan
30488,nan
30490,nan
30497,nan
30510,nan
30520,nan
30525,nan
30531,nan
30532,nan
30534,nan
30536,nan
30537,nan
30540,nan
30556,nan
30562,nan
30565,nan
30573,nan
30575,nan
30576,nan
30579,nan
30581,nan
30582,nan
30586,nan
30587,nan
30588,nan
30590,nan
30595,nan
30605,nan
30612,nan
30614,nan
30616,nan
30624,nan
30627,nan
30630,nan
30638,nan
30640,nan
30641,nan
30644,nan
30650,nan
30652,nan
30656,nan
30662,nan
30666,nan
30667,nan
30674,nan
30678,nan
30687,nan
30689,nan
30690,nan
30698,nan
30704,nan
30706,nan
30708,nan
30715,nan
30717,nan
30718,nan
30723,nan
30725,nan
30731,nan
30734,nan
30736,nan
30744,nan
30747,nan
30748,nan
30749,nan
30753,nan
30769,nan
30770,nan
30771,nan
30772,nan
30781,nan
30782,nan
30784,nan
30793,nan
30805,nan
30809,nan
30817,nan
30819,nan
30823,nan
30828,nan
30829,nan
30830,nan
30838,nan
30843,nan
30845,nan
30846,nan
30854,nan
30858,nan
30870,nan
30880,nan
30885,nan
30889,nan
30891,nan
30895,nan
30897,nan
30901,nan
30906,nan
30912,nan
30918,nan
30920,nan
30923,nan
30940,nan
30948,nan
30950,nan
30955,nan
30959,nan
30961,nan
30963,nan
30967,nan
30987,nan
31002,nan
31005,nan
31008,nan
31026,nan
31028,nan
31029,nan
31030,nan
31034,nan
31040,nan
31041,nan
31044,nan
31053,nan
31064,nan
31073,nan
31077,nan
31080,nan
31081,nan
31085,nan
31090,nan
31096,nan
31098,nan
31102,nan
31105,nan
31109,nan
31118,nan
31121,nan
31124,nan
31132,nan
31135,nan
31139,nan
31141,nan
31146,nan
31147,nan
31154,nan
31161,nan
31167,nan
31170,nan
31177,nan
31178,nan
31181,nan
31182,nan
31185,nan
31188,nan
31194,nan
31195,nan
31197,nan
31203,nan
31209,nan
31222,nan
31232,nan
31241,nan
31244,nan
31250,nan
31252,nan
31255,nan
31264,nan
31271,nan
31278,nan
31287,nan
31294,nan
31312,nan
31315,nan
31320,nan
31322,nan
31325,nan
31328,nan
31330,nan
31336,nan
31345,nan
31347,nan
31348,nan
31350,nan
31355,nan
31356,nan
31371,nan
31383,nan
31384,nan
31387,nan
31392,nan
31416,nan
31419,nan
31420,nan
31421,nan
31422,nan
31424,nan
31431,nan
31432,nan
31440,nan
31450,nan
31462,nan
31466,nan
31480,nan
31482,nan
31491,nan
31492,nan
31494,nan
31498,nan
31502,nan
31504,nan
31508,nan
31519,nan
31520,nan
31521,nan
31534,nan
31535,nan
31538,nan
31544,nan
31545,nan
31549,nan
31550,nan
31558,nan
31562,nan
31586,nan
31588,nan
31590,nan
31591,nan
31596,nan
31599,nan
31607,nan
31612,nan
31614,nan
31616,nan
31623,nan
31628,nan
31629,nan
31634,nan
31638,nan
31639,nan
31642,nan
31650,nan
31654,nan
31656,nan
31659,nan
31660,nan
31663,nan
31668,nan
31680,nan
31683,nan
31687,nan
31690,nan
31698,nan
31700,nan
31702,nan
31705,nan
31730,nan
31738,nan
31742,nan
31743,nan
31746,nan
31748,nan
31757,nan
31762,nan
31769,nan
31774,nan
31782,nan
31792,nan
31795,nan
31807,nan
31813,nan
31819,nan
31824,nan
31842,nan
31843,nan
31844,nan
31846,nan
31850,nan
31852,nan
31860,nan
31870,nan
31875,nan
31877,nan
31881,nan
31883,nan
31888,nan
31895,nan
31901,nan
31902,nan
31911,nan
31913,nan
31914,nan
31921,nan
31929,nan
31935,nan
31936,nan
31942,nan
31945,nan
31949,nan
31956,nan
31957,nan
31959,nan
31964,nan
31970,nan
31974,nan
31976,nan
31978,nan
31979,nan
31981,nan
31985,nan
31988,nan
31996,nan
31999,nan
32004,nan
32010,nan
32015,nan
32018,nan
32025,nan
32027,nan
32040,nan
32041,nan
32053,nan
32055,nan
32062,nan
32063,nan
32072,nan
32077,nan
32084,nan
32090,nan
32103,nan
32104,nan
32117,nan
32122,nan
32127,nan
32133,nan
32153,nan
32155,nan
32156,nan
32160,nan
32161,nan
32168,nan
32170,nan
32172,nan
32176,nan
32177,nan
32178,nan
32179,nan
32181,nan
32189,nan
32190,nan
32198,nan
32209,nan
32211,nan
32218,nan
32220,nan
32225,nan
32234,nan
32248,nan
32250,nan
32252,nan
32261,nan
32266,nan
32272,nan
32275,nan
32277,nan
32278,nan
32280,nan
32286,nan
32296,nan
32299,nan
32300,nan
32311,nan
32314,nan
32315,nan
32318,nan
32321,nan
32322,nan
32324,nan
32326,nan
32330,nan
32338,nan
32341,nan
32342,nan
32344,nan
32347,nan
32349,nan
32376,nan
32387,nan
32389,nan
32392,nan
32393,nan
32398,nan
32402,nan
32406,nan
32407,nan
32409,nan
32412,nan
32416,nan
32426,nan
32444,nan
32451,nan
32452,nan
32457,nan
32458,nan
32467,nan
32482,nan
32483,nan
32484,nan
32488,nan
32491,nan
32492,nan
32504,nan
32505,nan
32506,nan
32510,nan
32515,nan
32519,nan
32523,nan
32525,nan
32528,nan
32548,nan
32550,nan
32557,nan
32563,nan
32573,nan
32575,nan
32595,nan
32600,nan
32601,nan
32603,nan
32605,nan
32607,nan
32608,nan
32610,nan
32616,nan
32617,nan
32623,nan
32628,nan
32631,nan
32635,nan
32639,nan
32647,nan
32654,nan
32655,nan
32663,nan
32669,nan
32673,nan
32681,nan
32686,nan
32689,nan
32692,nan
32700,nan
32709,nan
32714,nan
32717,nan
32722,nan
32727,nan
32744,nan
32748,nan
32750,nan
32763,nan
32764,nan
32767,nan
32770,nan
32773,nan
32774,nan
32779,nan
32783,nan
32788,nan
32789,nan
32796,nan
32802,nan
32805,nan
32811,nan
32821,nan
32825,nan
32843,nan
32849,nan
32858,nan
32862,nan
32869,nan
32875,nan
32877,nan
32885,nan
32887,nan
32889,nan
32902,nan
32905,nan
32912,nan
32913,nan
32914,nan
32920,nan
32921,nan
32922,nan
32923,nan
32935,nan
32940,nan
32943,nan
32948,nan
32950,nan
32952,nan
32962,nan
32973,nan
32978,nan
32979,nan
32980,nan
32982,nan
32995,nan
32999,nan
33004,nan
33011,nan
33022,nan
33024,nan
33029,nan
33031,nan
33032,nan
33034,nan
33037,nan
33038,nan
33042,nan
33044,nan
33055,nan
33059,nan
33060,nan
33061,nan
33076,nan
33079,nan
33081,nan
33086,nan
33090,nan
33104,nan
33107,nan
33113,nan
33114,nan
33118,nan
33119,nan
33124,nan
33126,nan
33132,nan
33140,nan
33142,nan
33145,nan
33151,nan
33155,nan
33158,nan
33159,nan
33161,nan
33165,nan
33169,nan
33173,nan
33183,nan
33189,nan
33192,nan
33198,nan
33203,nan
33204,nan
33218,nan
33225,nan
33228,nan
33233,nan
33234,nan
33238,nan
33246,nan
33249,nan
33270,nan
33274,nan
33276,nan
33278,nan
33280,nan
33282,nan
33284,nan
33285,nan
33297,nan
33300,nan
33305,nan
33306,nan
33310,nan
33321,nan
33325,nan
33326,nan
33329,nan
33338,nan
33339,nan
33343,nan
33348,nan
33352,nan
33353,nan
33362,nan
33363,nan
33364,nan
33376,nan
33377,nan
33379,nan
33380,nan
33389,nan
33394,nan
33397,nan
33399,nan
33408,nan
33411,nan
33412,nan
33426,nan
33427,nan
33435,nan
33440,nan
33450,nan
33455,nan
33459,nan
33463,nan
33470,nan
33472,nan
33473,nan
33479,nan
33495,nan
33498,nan
33504,nan
33508,nan
33513,nan
33518,nan
33519,nan
33523,nan
33527,nan
33528,nan
33529,nan
33532,nan
33543,nan
33544,nan
33545,nan
33546,nan
33549,nan
33551,nan
33552,nan
33554,nan
33556,nan
33558,nan
33561,nan
33563,nan
33567,nan
33570,nan
33571,nan
33572,nan
33573,nan
33576,nan
33577,nan
33578,nan
33579,nan
33580,nan
33584,nan
33596,nan
33597,nan
33600,nan
33610,nan
33613,nan
33616,nan
33617,nan
33623,nan
33627,nan
33630,nan
33631,nan
33633,nan
33639,nan
33648,nan
33652,nan
33654,nan
33661,nan
33662,nan
33668,nan
